{
    "name": "root",
    "gauges": {
        "Boss.Policy.Entropy.mean": {
            "value": 0.469380646944046,
            "min": 0.39807286858558655,
            "max": 0.755409836769104,
            "count": 9
        },
        "Boss.Policy.Entropy.sum": {
            "value": 521.9512939453125,
            "min": 223.95559692382812,
            "max": 1003.5065307617188,
            "count": 9
        },
        "Boss.Environment.EpisodeLength.mean": {
            "value": 264.0,
            "min": 173.83333333333334,
            "max": 294.6666666666667,
            "count": 9
        },
        "Boss.Environment.EpisodeLength.sum": {
            "value": 1056.0,
            "min": 798.0,
            "max": 1175.0,
            "count": 9
        },
        "Boss.Step.mean": {
            "value": 8878.0,
            "min": 902.0,
            "max": 8878.0,
            "count": 9
        },
        "Boss.Step.sum": {
            "value": 8878.0,
            "min": 902.0,
            "max": 8878.0,
            "count": 9
        },
        "Boss.Policy.ExtrinsicValueEstimate.mean": {
            "value": -200.34030151367188,
            "min": -200.34030151367188,
            "max": -107.35333251953125,
            "count": 9
        },
        "Boss.Policy.ExtrinsicValueEstimate.sum": {
            "value": -801.3612060546875,
            "min": -848.4716796875,
            "max": -384.54241943359375,
            "count": 9
        },
        "Boss.Environment.CumulativeReward.mean": {
            "value": -0.787318766117096,
            "min": -0.787318766117096,
            "max": 0.6392961740493774,
            "count": 9
        },
        "Boss.Environment.CumulativeReward.sum": {
            "value": -3.149275064468384,
            "min": -3.149275064468384,
            "max": 3.8357770442962646,
            "count": 9
        },
        "Boss.Policy.ExtrinsicReward.mean": {
            "value": -0.787318766117096,
            "min": -0.787318766117096,
            "max": 0.6392961740493774,
            "count": 9
        },
        "Boss.Policy.ExtrinsicReward.sum": {
            "value": -3.149275064468384,
            "min": -3.149275064468384,
            "max": 3.8357770442962646,
            "count": 9
        },
        "Boss.IsTraining.mean": {
            "value": 1.0,
            "min": 1.0,
            "max": 1.0,
            "count": 9
        },
        "Boss.IsTraining.sum": {
            "value": 1.0,
            "min": 1.0,
            "max": 1.0,
            "count": 9
        }
    },
    "metadata": {
        "timer_format_version": "0.1.0",
        "start_time_seconds": "1710870201",
        "python_version": "3.10.12 | packaged by Anaconda, Inc. | (main, Jul  5 2023, 19:01:18) [MSC v.1916 64 bit (AMD64)]",
        "command_line_arguments": "C:\\Users\\Serhan\\anaconda3\\envs\\mlagents\\Scripts\\mlagents-learn Boss.yaml --force --env=EndlessRunnerGame.exe --width 1280 --height 720",
        "mlagents_version": "1.0.0",
        "mlagents_envs_version": "1.0.0",
        "communication_protocol_version": "1.5.0",
        "pytorch_version": "1.13.1+cu117",
        "numpy_version": "1.23.5",
        "end_time_seconds": "1710870234"
    },
    "total": 33.16761689999839,
    "count": 1,
    "self": 4.282665100035956,
    "children": {
        "run_training.setup": {
            "total": 0.10128459997940809,
            "count": 1,
            "self": 0.10128459997940809
        },
        "TrainerController.start_learning": {
            "total": 28.78366719998303,
            "count": 1,
            "self": 0.07621759988251142,
            "children": {
                "TrainerController._reset_env": {
                    "total": 6.168419499997981,
                    "count": 1,
                    "self": 6.168419499997981
                },
                "TrainerController.advance": {
                    "total": 22.42026230011834,
                    "count": 2455,
                    "self": 0.032403200573753566,
                    "children": {
                        "env_step": {
                            "total": 22.387859099544585,
                            "count": 2455,
                            "self": 18.15556959892274,
                            "children": {
                                "SubprocessEnvManager._take_step": {
                                    "total": 4.19625900068786,
                                    "count": 2455,
                                    "self": 0.155714600259671,
                                    "children": {
                                        "TorchPolicy.evaluate": {
                                            "total": 4.040544400428189,
                                            "count": 2418,
                                            "self": 4.040544400428189
                                        }
                                    }
                                },
                                "workers": {
                                    "total": 0.03603049993398599,
                                    "count": 2454,
                                    "self": 0.0,
                                    "children": {
                                        "worker_root": {
                                            "total": 22.41615969920531,
                                            "count": 2454,
                                            "is_parallel": true,
                                            "self": 8.083728199475445,
                                            "children": {
                                                "steps_from_proto": {
                                                    "total": 0.001247700012754649,
                                                    "count": 1,
                                                    "is_parallel": true,
                                                    "self": 0.0003880999574903399,
                                                    "children": {
                                                        "_process_rank_one_or_two_observation": {
                                                            "total": 0.000859600055264309,
                                                            "count": 8,
                                                            "is_parallel": true,
                                                            "self": 0.000859600055264309
                                                        }
                                                    }
                                                },
                                                "UnityEnvironment.step": {
                                                    "total": 14.33118379971711,
                                                    "count": 2454,
                                                    "is_parallel": true,
                                                    "self": 0.46183880130411126,
                                                    "children": {
                                                        "UnityEnvironment._generate_step_input": {
                                                            "total": 0.34829259940306656,
                                                            "count": 2454,
                                                            "is_parallel": true,
                                                            "self": 0.34829259940306656
                                                        },
                                                        "communicator.exchange": {
                                                            "total": 11.919165899365908,
                                                            "count": 2454,
                                                            "is_parallel": true,