{
    "name": "root",
    "metadata": {
        "timer_format_version": "0.1.0",
        "start_time_seconds": "1710959691",
        "python_version": "3.10.12 | packaged by Anaconda, Inc. | (main, Jul  5 2023, 19:01:18) [MSC v.1916 64 bit (AMD64)]",
        "command_line_arguments": "C:\\Users\\Serhan\\anaconda3\\envs\\mlagents\\Scripts\\mlagents-learn Boss.yaml --force",
        "mlagents_version": "1.0.0",
        "mlagents_envs_version": "1.0.0",
        "communication_protocol_version": "1.5.0",
        "pytorch_version": "1.13.1+cu117",
        "numpy_version": "1.23.5",
        "end_time_seconds": "1710977302"
    },
    "total": 17611.729074000003,
    "count": 1,
    "self": 0.012153400002716808,
    "children": {
        "run_training.setup": {
            "total": 0.10223279999991064,
            "count": 1,
            "self": 0.10223279999991064
        },
        "TrainerController.start_learning": {
            "total": 17611.6146878,
            "count": 1,
            "self": 14.375018201022613,
            "children": {
                "TrainerController._reset_env": {
                    "total": 6.170861899998272,
                    "count": 1,
                    "self": 6.170861899998272
                },
                "TrainerController.advance": {
                    "total": 17590.987829198977,
                    "count": 474452,
                    "self": 6.309403198778455,
                    "children": {
                        "env_step": {
                            "total": 17584.6784260002,
                            "count": 474452,
                            "self": 16462.602546401547,
                            "children": {
                                "SubprocessEnvManager._take_step": {
                                    "total": 1114.6638296991805,
                                    "count": 474452,
                                    "self": 30.434688000073947,
                                    "children": {
                                        "TorchPolicy.evaluate": {
                                            "total": 1084.2291416991065,
                                            "count": 470707,
                                            "self": 1084.2291416991065
                                        }
                                    }
                                },
                                "workers": {
                                    "total": 7.4120498994707305,
                                    "count": 474451,
                                    "self": 0.0,
                                    "children": {
                                        "worker_root": {
                                            "total": 17464.72334159994,
                                            "count": 474451,
                                            "is_parallel": true,
                                            "self": 3042.3474668994786,
                                            "children": {
                                                "steps_from_proto": {
                                                    "total": 0.0006742000005033333,
                                                    "count": 1,
                                                    "is_parallel": true,
                                                    "self": 0.000227700005780207,
                                                    "children": {
                                                        "_process_rank_one_or_two_observation": {
                                                            "total": 0.0004464999947231263,
                                                            "count": 8,
                                                            "is_parallel": true,
                                                            "self": 0.0004464999947231263
                                                        }
                                                    }
                                                },
                                                "UnityEnvironment.step": {
                                                    "total": 14422.37520050046,
                                                    "count": 474451,
                                                    "is_parallel": true,
                                                    "self": 97.82721660051538,
                                                    "children": {
                                                        "UnityEnvironment._generate_step_input": {
                                                            "total": 72.57996810073746,
                                                            "count": 474451,
                                                            "is_parallel": true,
                                                            "self": 72.57996810073746
                                                        },
                                                        "communicator.exchange": {
                                                            "total": 13920.783691699133,
                                                            "count": 474451,
                                                            "is_parallel": true,
                                                            "self": 13920.783691699133
                                                        },
                                                        "steps_from_proto": {
                                                            "total": 331.1843241000752,
                                                            "count": 474451,
                                                            "is_parallel": true,
                                                            "self": 100.68743040271875,
                                                            "children": {
                                                                "_process_rank_one_or_two_observation": {
                                                                    "total": 230.49689369735643,
                                                                    "count": 3795608,
                                                                    "is_parallel": true,
                                                                    "self": 230.49689369735643
                                                                }
                                                            }
                                                        }
                                                    }
                                                }
                                            }
                                        }
                                    }
                                }
                            }
                        }
                    }
                },
                "TrainerController._save_models": {
                    "total": 0.0809785000019474,
                    "count": 1,
                    "self": 0.0026947000005748123,
                    "children": {
                        "RLTrainer._checkpoint": {
                            "total": 0.07828380000137258,
                            "count": 1,
                            "self": 0.07828380000137258
                        }
                    }
                }
            }
        }
    }
}