{
    "name": "root",
    "gauges": {
        "Boss.Policy.Entropy.mean": {
            "value": 1.603880524635315,
            "min": 1.409524917602539,
            "max": 1.8176575899124146,
            "count": 46
        },
        "Boss.Policy.Entropy.sum": {
            "value": 15958.611328125,
            "min": 6921.076171875,
            "max": 25903.5546875,
            "count": 46
        },
        "Boss.Step.mean": {
            "value": 459914.0,
            "min": 9728.0,
            "max": 459914.0,
            "count": 46
        },
        "Boss.Step.sum": {
            "value": 459914.0,
            "min": 9728.0,
            "max": 459914.0,
            "count": 46
        },
        "Boss.Policy.ExtrinsicValueEstimate.mean": {
            "value": -10.952308654785156,
            "min": -24.518192291259766,
            "max": -4.133973121643066,
            "count": 46
        },
        "Boss.Policy.ExtrinsicValueEstimate.sum": {
            "value": -229.99847412109375,
            "min": -465.84564208984375,
            "max": -82.67945861816406,
            "count": 46
        },
        "Boss.IsTraining.mean": {
            "value": 1.0,
            "min": 1.0,
            "max": 1.0,
            "count": 46
        },
        "Boss.IsTraining.sum": {
            "value": 1.0,
            "min": 1.0,
            "max": 1.0,
            "count": 46
        },
        "Boss.Environment.EpisodeLength.mean": {
            "value": 3954.0,
            "min": 3032.0,
            "max": 4891.5,
            "count": 35
        },
        "Boss.Environment.EpisodeLength.sum": {
            "value": 15816.0,
            "min": 3032.0,
            "max": 27523.0,
            "count": 35
        },
        "Boss.Environment.CumulativeReward.mean": {
            "value": -396.024959564209,
            "min": -488.08916664123535,
            "max": -304.2194519042969,
            "count": 34
        },
        "Boss.Environment.CumulativeReward.sum": {
            "value": -1584.099838256836,
            "min": -2742.3790380954742,
            "max": -304.2194519042969,
            "count": 34
        },
        "Boss.Policy.ExtrinsicReward.mean": {
            "value": -396.024959564209,
            "min": -488.08916664123535,
            "max": -304.2194519042969,
            "count": 34
        },
        "Boss.Policy.ExtrinsicReward.sum": {
            "value": -1584.099838256836,
            "min": -2742.3790380954742,
            "max": -304.2194519042969,
            "count": 34
        },
        "Boss.Losses.PolicyLoss.mean": {
            "value": 0.05017092861200252,
            "min": 0.05017092861200252,
            "max": 0.05017092861200252,
            "count": 1
        },
        "Boss.Losses.PolicyLoss.sum": {
            "value": 0.05017092861200252,
            "min": 0.05017092861200252,
            "max": 0.05017092861200252,
            "count": 1
        },
        "Boss.Losses.ValueLoss.mean": {
            "value": 0.13346916360745242,
            "min": 0.13346916360745242,
            "max": 0.13346916360745242,
            "count": 1
        },
        "Boss.Losses.ValueLoss.sum": {
            "value": 0.13346916360745242,
            "min": 0.13346916360745242,
            "max": 0.13346916360745242,
            "count": 1
        },
        "Boss.Policy.LearningRate.mean": {
            "value": 0.00014616725127760002,
            "min": 0.00014616725127760002,
            "max": 0.00014616725127760002,
            "count": 1
        },
        "Boss.Policy.LearningRate.sum": {
            "value": 0.00014616725127760002,
            "min": 0.00014616725127760002,
            "max": 0.00014616725127760002,
            "count": 1
        },
        "Boss.Policy.Epsilon.mean": {
            "value": 0.1487224,
            "min": 0.1487224,
            "max": 0.1487224,
            "count": 1
        },
        "Boss.Policy.Epsilon.sum": {
            "value": 0.1487224,
            "min": 0.1487224,
            "max": 0.1487224,
            "count": 1
        },
        "Boss.Policy.Beta.mean": {
            "value": 0.0039029197600000004,
            "min": 0.0039029197600000004,
            "max": 0.0039029197600000004,
            "count": 1
        },
        "Boss.Policy.Beta.sum": {
            "value": 0.0039029197600000004,
            "min": 0.0039029197600000004,
            "max": 0.0039029197600000004,
            "count": 1
        }
    },
    "metadata": {
        "timer_format_version": "0.1.0",
        "start_time_seconds": "1704442045",
        "python_version": "3.10.12 | packaged by Anaconda, Inc. | (main, Jul  5 2023, 19:01:18) [MSC v.1916 64 bit (AMD64)]",
        "command_line_arguments": "C:\\Users\\yurek\\anaconda3\\envs\\mlagents\\Scripts\\mlagents-learn Boss.yaml --env C:\\Users\\yurek\\OneDrive\\Desktop\\boks\\EndlessRunnerGame.exe --force --width 1024 --height 720",
        "mlagents_version": "1.1.0.dev0",
        "mlagents_envs_version": "1.1.0.dev0",
        "communication_protocol_version": "1.5.0",
        "pytorch_version": "2.1.2+cpu",
        "numpy_version": "1.23.5",
        "end_time_seconds": "1704442529"
    },
    "total": 484.1004689000547,
    "count": 1,
    "self": 0.24697050009854138,
    "children": {
        "run_training.setup": {
            "total": 0.07223709998652339,
            "count": 1,
            "self": 0.07223709998652339
        },
        "TrainerController.start_learning": {
            "total": 483.78126129996963,
            "count": 1,
            "self": 1.2374249063432217,
            "children": {
                "TrainerController._reset_env": {
                    "total": 6.3617052000481635,
                    "count": 1,
                    "self": 6.3617052000481635
                },
                "TrainerController.advance": {
                    "total": 476.10225019347854,
                    "count": 47213,
                    "self": 0.593176759313792,
                    "children": {
                        "env_step": {
                            "total": 475.50907343416475,
                            "count": 47213,
                            "self": 378.06356532499194,
                            "children": {
                                "SubprocessEnvManager._take_step": {
                                    "total": 96.79666980891488,
                                    "count": 47213,
                                    "self": 2.459128696238622,
                                    "children": {
                                        "TorchPolicy.evaluate": {
                                            "total": 94.33754111267626,
                                            "count": 47213,
                                            "self": 94.33754111267626
                                        }
                                    }
                                },
                                "workers": {
                                    "total": 0.6488383002579212,
                                    "count": 47212,
                                    "self": 0.0,
                                    "children": {
                                        "worker_root": {
                                            "total": 476.508133324096,
                                            "count": 47212,
                                            "is_parallel": true,
                                            "self": 275.8732506141532,
                                            "children": {
                                                "steps_from_proto": {
                                                    "total": 0.0006476000417023897,
                                                    "count": 1,
                                                    "is_parallel": true,
                                                    "self": 0.0002047000452876091,