{
    "name": "root",
    "gauges": {
        "Boss.Policy.Entropy.mean": {
            "value": 1.0061143636703491,
            "min": 0.7285401225090027,
            "max": 1.135999083518982,
            "count": 23
        },
        "Boss.Policy.Entropy.sum": {
            "value": 11781.599609375,
            "min": 7540.39013671875,
            "max": 12630.013671875,
            "count": 23
        },
        "Boss.Step.mean": {
            "value": 229659.0,
            "min": 9728.0,
            "max": 229659.0,
            "count": 23
        },
        "Boss.Step.sum": {
            "value": 229659.0,
            "min": 9728.0,
            "max": 229659.0,
            "count": 23
        },
        "Boss.Policy.ExtrinsicValueEstimate.mean": {
            "value": -26.032081604003906,
            "min": -42.77983474731445,
            "max": -20.961729049682617,
            "count": 23
        },
        "Boss.Policy.ExtrinsicValueEstimate.sum": {
            "value": -546.6737060546875,
            "min": -812.8168334960938,
            "max": -479.57733154296875,
            "count": 23
        },
        "Boss.IsTraining.mean": {
            "value": 1.0,
            "min": 1.0,
            "max": 1.0,
            "count": 23
        },
        "Boss.IsTraining.sum": {
            "value": 1.0,
            "min": 1.0,
            "max": 1.0,
            "count": 23
        },
        "Boss.Environment.EpisodeLength.mean": {
            "value": 3231.3333333333335,
            "min": 1471.0,
            "max": 4048.0,
            "count": 22
        },
        "Boss.Environment.EpisodeLength.sum": {
            "value": 19388.0,
            "min": 1471.0,
            "max": 21306.0,
            "count": 22
        },
        "Boss.Environment.CumulativeReward.mean": {
            "value": -256.58092371622723,
            "min": -360.5322380065918,
            "max": -115.85939407348633,
            "count": 22
        },
        "Boss.Environment.CumulativeReward.sum": {
            "value": -1539.4855422973633,
            "min": -1692.2033388614655,
            "max": -115.85939407348633,
            "count": 22
        },
        "Boss.Policy.ExtrinsicReward.mean": {
            "value": -256.58092371622723,
            "min": -360.5322380065918,
            "max": -115.85939407348633,
            "count": 22
        },
        "Boss.Policy.ExtrinsicReward.sum": {
            "value": -1539.4855422973633,
            "min": -1692.2033388614655,
            "max": -115.85939407348633,
            "count": 22
        }
    },
    "metadata": {
        "timer_format_version": "0.1.0",
        "start_time_seconds": "1704441247",
        "python_version": "3.10.12 | packaged by Anaconda, Inc. | (main, Jul  5 2023, 19:01:18) [MSC v.1916 64 bit (AMD64)]",
        "command_line_arguments": "C:\\Users\\yurek\\anaconda3\\envs\\mlagents\\Scripts\\mlagents-learn Boss.yaml --env C:\\Users\\yurek\\OneDrive\\Desktop\\boks\\EndlessRunnerGame.exe --force --width 1024 --height 720",
        "mlagents_version": "1.1.0.dev0",
        "mlagents_envs_version": "1.1.0.dev0",
        "communication_protocol_version": "1.5.0",
        "pytorch_version": "2.1.2+cpu",
        "numpy_version": "1.23.5",
        "end_time_seconds": "1704441435"
    },
    "total": 188.42448429996148,
    "count": 1,
    "self": 0.27403299999423325,
    "children": {
        "run_training.setup": {
            "total": 0.07118940004147589,
            "count": 1,
            "self": 0.07118940004147589
        },
        "TrainerController.start_learning": {
            "total": 188.07926189992577,
            "count": 1,
            "self": 0.6574580906890333,
            "children": {
                "TrainerController._reset_env": {
                    "total": 6.334395400015637,
                    "count": 1,
                    "self": 6.334395400015637
                },
                "TrainerController.advance": {
                    "total": 181.01135400938801,
                    "count": 24066,
                    "self": 0.2913833160419017,
                    "children": {
                        "env_step": {
                            "total": 180.7199706933461,
                            "count": 24066,
                            "self": 136.2945195878856,
                            "children": {
                                "SubprocessEnvManager._take_step": {
                                    "total": 44.10163760650903,
                                    "count": 24066,
                                    "self": 1.2823353938292712,
                                    "children": {
                                        "TorchPolicy.evaluate": {
                                            "total": 42.81930221267976,
                                            "count": 24066,
                                            "self": 42.81930221267976
                                        }
                                    }
                                },
                                "workers": {
                                    "total": 0.3238134989514947,
                                    "count": 24065,
                                    "self": 0.0,
                                    "children": {
                                        "worker_root": {
                                            "total": 181.4706308003515,
                                            "count": 24065,
                                            "is_parallel": true,
                                            "self": 82.24260041443631,
                                            "children": {
                                                "steps_from_proto": {
                                                    "total": 0.0006081999745219946,
                                                    "count": 1,
                                                    "is_parallel": true,
                                                    "self": 0.000237699830904603,
                                                    "children": {
                                                        "_process_rank_one_or_two_observation": {
                                                            "total": 0.0003705001436173916,
                                                            "count": 4,
                                                            "is_parallel": true,
                                                            "self": 0.0003705001436173916
                                                        }
                                                    }
                                                },
                                                "UnityEnvironment.step": {
                                                    "total": 99.22742218594067,
                                                    "count": 24065,
                                                    "is_parallel": true,
                                                    "self": 4.029972687596455,
                                                    "children": {
                                                        "UnityEnvironment._generate_step_input": {
                                                            "total": 4.592850811081007,
                                                            "count": 24065,
                                                            "is_parallel": true,
                                                            "self": 4.592850811081007
                                                        },
                                                        "communicator.exchange": {
                                                            "total": 78.22001629881561,
                                                            "count": 24065,
                                                            "is_parallel": true,