{
    "name": "root",
    "gauges": {
        "Boss.Policy.Entropy.mean": {
            "value": 1.605709195137024,
            "min": 1.547602653503418,
            "max": 1.650659441947937,
            "count": 26
        },
        "Boss.Policy.Entropy.sum": {
            "value": 16747.546875,
            "min": 14893.4287109375,
            "max": 17720.05078125,
            "count": 26
        },
        "Boss.Environment.EpisodeLength.mean": {
            "value": 263.969696969697,
            "min": 125.69014084507042,
            "max": 327.54347826086956,
            "count": 26
        },
        "Boss.Environment.EpisodeLength.sum": {
            "value": 8711.0,
            "min": 5894.0,
            "max": 15067.0,
            "count": 26
        },
        "Boss.Step.mean": {
            "value": 259591.0,
            "min": 9904.0,
            "max": 259591.0,
            "count": 26
        },
        "Boss.Step.sum": {
            "value": 259591.0,
            "min": 9904.0,
            "max": 259591.0,
            "count": 26
        },
        "Boss.Policy.ExtrinsicValueEstimate.mean": {
            "value": 31.83614730834961,
            "min": 31.83614730834961,
            "max": 37.76902770996094,
            "count": 26
        },
        "Boss.Policy.ExtrinsicValueEstimate.sum": {
            "value": 1337.1181640625,
            "min": 1337.1181640625,
            "max": 2719.3701171875,
            "count": 26
        },
        "Boss.Environment.CumulativeReward.mean": {
            "value": -21.725485837087035,
            "min": -25.50675798922169,
            "max": -10.253364556176322,
            "count": 26
        },
        "Boss.Environment.CumulativeReward.sum": {
            "value": -695.2155467867851,
            "min": -1249.8311414718628,
            "max": -492.653551697731,
            "count": 26
        },
        "Boss.Policy.ExtrinsicReward.mean": {
            "value": -21.725485837087035,
            "min": -25.50675798922169,
            "max": -10.253364556176322,
            "count": 26
        },
        "Boss.Policy.ExtrinsicReward.sum": {
            "value": -695.2155467867851,
            "min": -1249.8311414718628,
            "max": -492.653551697731,
            "count": 26
        },
        "Boss.IsTraining.mean": {
            "value": 1.0,
            "min": 1.0,
            "max": 1.0,
            "count": 26
        },
        "Boss.IsTraining.sum": {
            "value": 1.0,
            "min": 1.0,
            "max": 1.0,
            "count": 26
        },
        "Boss.Losses.PolicyLoss.mean": {
            "value": 0.04990805395490024,
            "min": 0.04990805395490024,
            "max": 0.04990805395490024,
            "count": 1
        },
        "Boss.Losses.PolicyLoss.sum": {
            "value": 0.04990805395490024,
            "min": 0.04990805395490024,
            "max": 0.04990805395490024,
            "count": 1
        },
        "Boss.Losses.ValueLoss.mean": {
            "value": 21.32609421863556,
            "min": 21.32609421863556,
            "max": 21.32609421863556,
            "count": 1
        },
        "Boss.Losses.ValueLoss.sum": {
            "value": 21.32609421863556,
            "min": 21.32609421863556,
            "max": 21.32609421863556,
            "count": 1
        },
        "Boss.Policy.LearningRate.mean": {
            "value": 0.00014636405121200004,
            "min": 0.00014636405121200004,
            "max": 0.00014636405121200004,
            "count": 1
        },
        "Boss.Policy.LearningRate.sum": {
            "value": 0.00014636405121200004,
            "min": 0.00014636405121200004,
            "max": 0.00014636405121200004,
            "count": 1
        },
        "Boss.Policy.Epsilon.mean": {
            "value": 0.14878799999999998,
            "min": 0.14878799999999998,
            "max": 0.14878799999999998,
            "count": 1
        },
        "Boss.Policy.Epsilon.sum": {
            "value": 0.14878799999999998,
            "min": 0.14878799999999998,
            "max": 0.14878799999999998,
            "count": 1
        },
        "Boss.Policy.Beta.mean": {
            "value": 0.0039081612,
            "min": 0.0039081612,
            "max": 0.0039081612,
            "count": 1
        },
        "Boss.Policy.Beta.sum": {
            "value": 0.0039081612,
            "min": 0.0039081612,
            "max": 0.0039081612,
            "count": 1
        }
    },
    "metadata": {
        "timer_format_version": "0.1.0",
        "start_time_seconds": "1704440143",
        "python_version": "3.10.12 | packaged by Anaconda, Inc. | (main, Jul  5 2023, 19:01:18) [MSC v.1916 64 bit (AMD64)]",
        "command_line_arguments": "C:\\Users\\yurek\\anaconda3\\envs\\mlagents\\Scripts\\mlagents-learn Boss.yaml --env C:\\Users\\yurek\\OneDrive\\Desktop\\boks\\EndlessRunnerGame.exe --force --width 1024 --height 720",
        "mlagents_version": "1.1.0.dev0",
        "mlagents_envs_version": "1.1.0.dev0",
        "communication_protocol_version": "1.5.0",
        "pytorch_version": "2.1.2+cpu",
        "numpy_version": "1.23.5",
        "end_time_seconds": "1704440519"
    },
    "total": 376.0568011000287,
    "count": 1,
    "self": 10.006839100038633,
    "children": {
        "run_training.setup": {
            "total": 0.07161470013670623,
            "count": 1,
            "self": 0.07161470013670623
        },
        "TrainerController.start_learning": {
            "total": 365.97834729985334,
            "count": 1,
            "self": 1.0691598008852452,
            "children": {
                "TrainerController._reset_env": {
                    "total": 6.3263705999124795,
                    "count": 1,
                    "self": 6.3263705999124795
                },
                "TrainerController.advance": {
                    "total": 358.50735989934765,
                    "count": 26240,
                    "self": 0.35285948868840933,
                    "children": {
                        "env_step": {
                            "total": 358.15450041065924,
                            "count": 26240,
                            "self": 296.3641766777728,
                            "children": {
                                "SubprocessEnvManager._take_step": {
                                    "total": 61.409624921157956,
                                    "count": 26240,
                                    "self": 1.8857804297003895,
                                    "children": {
                                        "TorchPolicy.evaluate": {
                                            "total": 59.52384449145757,
                                            "count": 26240,
                                            "self": 59.52384449145757
                                        }
                                    }
                                },
                                "workers": {
                                    "total": 0.3806988117285073,
                                    "count": 26240,
                                    "self": 0.0,
                                    "children": {
                                        "worker_root": {
                                            "total": 242.707163116429,
                                            "count": 26240,
                                            "is_parallel": true,
                                            "self": 106.72593649546616,
                                            "children": {
                                                "steps_from_proto": {
                                                    "total": 0.0005010999739170074,
                                                    "count": 1,
                                                    "is_parallel": true,
                                                    "self": 0.00018690014258027077,