{
    "name": "root",
    "gauges": {
        "Boss.Policy.Entropy.mean": {
            "value": 0.685839056968689,
            "min": 0.685839056968689,
            "max": 0.6931021809577942,
            "count": 13
        },
        "Boss.Policy.Entropy.sum": {
            "value": 96.70330810546875,
            "min": 94.24536895751953,
            "max": 2771.74658203125,
            "count": 13
        },
        "Boss.Environment.EpisodeLength.mean": {
            "value": 865.0,
            "min": 180.0,
            "max": 3233.0,
            "count": 9
        },
        "Boss.Environment.EpisodeLength.sum": {
            "value": 1730.0,
            "min": 360.0,
            "max": 6466.0,
            "count": 9
        },
        "Boss.Step.mean": {
            "value": 16260.0,
            "min": 869.0,
            "max": 16260.0,
            "count": 17
        },
        "Boss.Step.sum": {
            "value": 16260.0,
            "min": 869.0,
            "max": 16260.0,
            "count": 17
        },
        "Boss.Policy.ExtrinsicValueEstimate.mean": {
            "value": -0.15176831185817719,
            "min": -0.8080999851226807,
            "max": 0.17367659509181976,
            "count": 17
        },
        "Boss.Policy.ExtrinsicValueEstimate.sum": {
            "value": -0.15176831185817719,
            "min": -1.6161999702453613,
            "max": 0.2458324134349823,
            "count": 17
        },
        "Boss.Environment.CumulativeReward.mean": {
            "value": -11.425000190734863,
            "min": -31.200000762939453,
            "max": -11.425000190734863,
            "count": 10
        },
        "Boss.Environment.CumulativeReward.sum": {
            "value": -22.850000381469727,
            "min": -47.95000219345093,
            "max": -12.800000190734863,
            "count": 10
        },
        "Boss.Policy.ExtrinsicReward.mean": {
            "value": -11.425000190734863,
            "min": -31.200000762939453,
            "max": -11.425000190734863,
            "count": 10
        },
        "Boss.Policy.ExtrinsicReward.sum": {
            "value": -22.850000381469727,
            "min": -47.95000219345093,
            "max": -12.800000190734863,
            "count": 10
        },
        "Boss.IsTraining.mean": {
            "value": 1.0,
            "min": 1.0,
            "max": 1.0,
            "count": 17
        },
        "Boss.IsTraining.sum": {
            "value": 1.0,
            "min": 1.0,
            "max": 1.0,
            "count": 17
        },
        "Boss.Losses.PolicyLoss.mean": {
            "value": 0.1027070262405292,
            "min": 0.1027070262405292,
            "max": 0.1027070262405292,
            "count": 1
        },
        "Boss.Losses.PolicyLoss.sum": {
            "value": 0.1027070262405292,
            "min": 0.1027070262405292,
            "max": 0.1027070262405292,
            "count": 1
        },
        "Boss.Losses.ValueLoss.mean": {
            "value": 1.6063460404122318,
            "min": 1.6063460404122318,
            "max": 1.6063460404122318,
            "count": 1
        },
        "Boss.Losses.ValueLoss.sum": {
            "value": 1.6063460404122318,
            "min": 1.6063460404122318,
            "max": 1.6063460404122318,
            "count": 1
        },
        "Boss.Policy.LearningRate.mean": {
            "value": 0.0002963706012098,
            "min": 0.0002963706012098,
            "max": 0.0002963706012098,
            "count": 1
        },
        "Boss.Policy.LearningRate.sum": {
            "value": 0.0002963706012098,
            "min": 0.0002963706012098,
            "max": 0.0002963706012098,
            "count": 1
        },
        "Boss.Policy.Epsilon.mean": {
            "value": 0.19879019999999997,
            "min": 0.19879019999999997,
            "max": 0.19879019999999997,
            "count": 1
        },
        "Boss.Policy.Epsilon.sum": {
            "value": 0.19879019999999997,
            "min": 0.19879019999999997,
            "max": 0.19879019999999997,
            "count": 1
        },
        "Boss.Policy.Beta.mean": {
            "value": 0.00098802298,
            "min": 0.00098802298,
            "max": 0.00098802298,
            "count": 1
        },
        "Boss.Policy.Beta.sum": {
            "value": 0.00098802298,
            "min": 0.00098802298,
            "max": 0.00098802298,
            "count": 1
        }
    },
    "metadata": {
        "timer_format_version": "0.1.0",
        "start_time_seconds": "1703173616",
        "python_version": "3.10.12 | packaged by Anaconda, Inc. | (main, Jul  5 2023, 19:01:18) [MSC v.1916 64 bit (AMD64)]",
        "command_line_arguments": "C:\\Users\\Serhan\\anaconda3\\envs\\mlagents\\Scripts\\mlagents-learn Boss.yaml --run-id=s",
        "mlagents_version": "1.0.0",
        "mlagents_envs_version": "1.0.0",
        "communication_protocol_version": "1.5.0",
        "pytorch_version": "1.13.1+cu117",
        "numpy_version": "1.23.5",
        "end_time_seconds": "1703173795"
    },
    "total": 179.6088640000089,
    "count": 1,
    "self": 0.012181399972178042,
    "children": {
        "run_training.setup": {
            "total": 0.17624719999730587,
            "count": 1,
            "self": 0.17624719999730587
        },
        "TrainerController.start_learning": {
            "total": 179.42043540003942,
            "count": 1,
            "self": 0.14373229863122106,
            "children": {
                "TrainerController._reset_env": {
                    "total": 8.818067100015469,
                    "count": 1,
                    "self": 8.818067100015469
                },
                "TrainerController.advance": {
                    "total": 170.06837190140504,
                    "count": 5733,
                    "self": 0.1281044029747136,
                    "children": {
                        "env_step": {
                            "total": 162.24130410020007,
                            "count": 5733,
                            "self": 152.3695943969069,
                            "children": {
                                "SubprocessEnvManager._take_step": {
                                    "total": 9.780582700681407,
                                    "count": 5734,
                                    "self": 0.4321609992184676,
                                    "children": {
                                        "TorchPolicy.evaluate": {
                                            "total": 9.34842170146294,
                                            "count": 5734,
                                            "self": 9.34842170146294
                                        }
                                    }
                                },
                                "workers": {
                                    "total": 0.09112700261175632,
                                    "count": 5732,
                                    "self": 0.0,
                                    "children": {
                                        "worker_root": {
                                            "total": 51.93667460308643,
                                            "count": 5732,
                                            "is_parallel": true,
                                            "self": 25.576928603753913,
                                            "children": {
                                                "steps_from_proto": {
                                                    "total": 0.004018999985419214,
                                                    "count": 2,
                                                    "is_parallel": true,
                                                    "self": 0.0007398999878205359,