{
    "name": "root",
    "gauges": {
        "Boss.Policy.Entropy.mean": {
            "value": 1.5439499616622925,
            "min": 1.5263484716415405,
            "max": 1.5715241432189941,
            "count": 11
        },
        "Boss.Policy.Entropy.sum": {
            "value": 15377.7412109375,
            "min": 13766.8203125,
            "max": 15741.95703125,
            "count": 11
        },
        "Boss.Step.mean": {
            "value": 499977.0,
            "min": 399936.0,
            "max": 499977.0,
            "count": 11
        },
        "Boss.Step.sum": {
            "value": 499977.0,
            "min": 399936.0,
            "max": 499977.0,
            "count": 11
        },
        "Boss.Policy.ExtrinsicValueEstimate.mean": {
            "value": 2.1902127265930176,
            "min": 2.0341618061065674,
            "max": 2.5524909496307373,
            "count": 11
        },
        "Boss.Policy.ExtrinsicValueEstimate.sum": {
            "value": 367.9557189941406,
            "min": 290.8851318359375,
            "max": 428.8184814453125,
            "count": 11
        },
        "Boss.Environment.EpisodeLength.mean": {
            "value": 472.1,
            "min": 434.0869565217391,
            "max": 474.1904761904762,
            "count": 11
        },
        "Boss.Environment.EpisodeLength.sum": {
            "value": 9442.0,
            "min": 8481.0,
            "max": 10453.0,
            "count": 11
        },
        "Boss.Environment.CumulativeReward.mean": {
            "value": 9.402499647811055,
            "min": 9.402499647811055,
            "max": 13.006817852570252,
            "count": 11
        },
        "Boss.Environment.CumulativeReward.sum": {
            "value": 188.0499929562211,
            "min": 173.34999545663595,
            "max": 294.09999112412333,
            "count": 11
        },
        "Boss.Policy.ExtrinsicReward.mean": {
            "value": 9.402499647811055,
            "min": 9.402499647811055,
            "max": 13.006817852570252,
            "count": 11
        },
        "Boss.Policy.ExtrinsicReward.sum": {
            "value": 188.0499929562211,
            "min": 173.34999545663595,
            "max": 294.09999112412333,
            "count": 11
        },
        "Boss.IsTraining.mean": {
            "value": 1.0,
            "min": 1.0,
            "max": 1.0,
            "count": 11
        },
        "Boss.IsTraining.sum": {
            "value": 1.0,
            "min": 1.0,
            "max": 1.0,
            "count": 11
        },
        "Boss.Losses.PolicyLoss.mean": {
            "value": 0.023969209124334156,
            "min": 0.016704733312750856,
            "max": 0.026545777854820093,
            "count": 10
        },
        "Boss.Losses.PolicyLoss.sum": {
            "value": 0.023969209124334156,
            "min": 0.016704733312750856,
            "max": 0.026545777854820093,
            "count": 10
        },
        "Boss.Losses.ValueLoss.mean": {
            "value": 0.23115224192539852,
            "min": 0.18206874479850133,
            "max": 0.28748552203178407,
            "count": 10
        },
        "Boss.Losses.ValueLoss.sum": {
            "value": 0.23115224192539852,
            "min": 0.18206874479850133,
            "max": 0.28748552203178407,
            "count": 10
        },
        "Boss.Policy.LearningRate.mean": {
            "value": 3.601298799600005e-06,
            "min": 3.601298799600005e-06,
            "max": 5.906108031299999e-05,
            "count": 10
        },
        "Boss.Policy.LearningRate.sum": {
            "value": 3.601298799600005e-06,
            "min": 3.601298799600005e-06,
            "max": 5.906108031299999e-05,
            "count": 10
        },
        "Boss.Policy.Epsilon.mean": {
            "value": 0.10120040000000004,
            "min": 0.10120040000000004,
            "max": 0.11968699999999997,
            "count": 10
        },
        "Boss.Policy.Epsilon.sum": {
            "value": 0.10120040000000004,
            "min": 0.10120040000000004,
            "max": 0.11968699999999997,
            "count": 10
        },
        "Boss.Policy.Beta.mean": {
            "value": 6.989996000000008e-05,
            "min": 6.989996000000008e-05,
            "max": 0.0009923813000000004,
            "count": 10
        },
        "Boss.Policy.Beta.sum": {
            "value": 6.989996000000008e-05,
            "min": 6.989996000000008e-05,
            "max": 0.0009923813000000004,
            "count": 10
        }
    },
    "metadata": {
        "timer_format_version": "0.1.0",
        "start_time_seconds": "1703223251",
        "python_version": "3.10.12 | packaged by Anaconda, Inc. | (main, Jul  5 2023, 19:01:18) [MSC v.1916 64 bit (AMD64)]",
        "command_line_arguments": "C:\\Users\\Serhan\\anaconda3\\envs\\mlagents\\Scripts\\mlagents-learn Boss.yaml --run-id=propertest --resume",
        "mlagents_version": "1.0.0",
        "mlagents_envs_version": "1.0.0",
        "communication_protocol_version": "1.5.0",
        "pytorch_version": "1.13.1+cu117",
        "numpy_version": "1.23.5",
        "end_time_seconds": "1703223641"
    },
    "total": 390.3998367000022,
    "count": 1,
    "self": 0.013473499973770231,
    "children": {
        "run_training.setup": {
            "total": 0.14165679999860004,
            "count": 1,
            "self": 0.14165679999860004
        },
        "TrainerController.start_learning": {
            "total": 390.2447064000298,
            "count": 1,
            "self": 1.165662402403541,
            "children": {
                "TrainerController._reset_env": {
                    "total": 8.609217100020032,
                    "count": 1,
                    "self": 8.609217100020032
                },
                "TrainerController.advance": {
                    "total": 380.3649070975953,
                    "count": 36363,
                    "self": 0.5009604032966308,
                    "children": {
                        "env_step": {
                            "total": 379.86394669429865,
                            "count": 36363,
                            "self": 290.7600877023069,
                            "children": {
                                "SubprocessEnvManager._take_step": {
                                    "total": 88.49328119703569,
                                    "count": 36363,
                                    "self": 2.7058007965097204,
                                    "children": {
                                        "TorchPolicy.evaluate": {
                                            "total": 85.78748040052596,
                                            "count": 36260,
                                            "self": 85.78748040052596
                                        }
                                    }
                                },
                                "workers": {
                                    "total": 0.6105777949560434,
                                    "count": 36363,
                                    "self": 0.0,
                                    "children": {
                                        "worker_root": {
                                            "total": 380.197031294927,
                                            "count": 36363,
                                            "is_parallel": true,
                                            "self": 143.44481178448768,
                                            "children": {
                                                "steps_from_proto": {
                                                    "total": 0.00044899998465552926,
                                                    "count": 1,
                                                    "is_parallel": true,
                                                    "self": 0.0002003999543376267,