{
    "name": "root",
    "metadata": {
        "timer_format_version": "0.1.0",
        "start_time_seconds": "1703172397",
        "python_version": "3.10.12 | packaged by Anaconda, Inc. | (main, Jul  5 2023, 19:01:18) [MSC v.1916 64 bit (AMD64)]",
        "command_line_arguments": "C:\\Users\\Serhan\\anaconda3\\envs\\mlagents\\Scripts\\mlagents-learn Boss.yaml --run-id=serhan2BossRun",
        "mlagents_version": "1.0.0",
        "mlagents_envs_version": "1.0.0",
        "communication_protocol_version": "1.5.0",
        "pytorch_version": "1.13.1+cu117",
        "numpy_version": "1.23.5",
        "end_time_seconds": "1703172479"
    },
    "total": 82.37489549996099,
    "count": 1,
    "self": 0.010706499975640327,
    "children": {
        "run_training.setup": {
            "total": 0.14259549998678267,
            "count": 1,
            "self": 0.14259549998678267
        },
        "TrainerController.start_learning": {
            "total": 82.22159349999856,
            "count": 1,
            "self": 0.0012187999673187733,
            "children": {
                "TrainerController._reset_env": {
                    "total": 6.947971000045072,
                    "count": 1,
                    "self": 6.947971000045072
                },
                "TrainerController.advance": {
                    "total": 75.11661269998876,
                    "count": 34,
                    "self": 0.000837199913803488,
                    "children": {
                        "env_step": {
                            "total": 75.1147216000827,
                            "count": 34,
                            "self": 75.04000300017651,
                            "children": {
                                "SubprocessEnvManager._take_step": {
                                    "total": 0.07420089998049662,
                                    "count": 34,
                                    "self": 0.003021600015927106,
                                    "children": {
                                        "TorchPolicy.evaluate": {
                                            "total": 0.07117929996456951,
                                            "count": 34,
                                            "self": 0.07117929996456951
                                        }
                                    }
                                },
                                "workers": {
                                    "total": 0.0005176999256946146,
                                    "count": 33,
                                    "self": 0.0,
                                    "children": {
                                        "worker_root": {
                                            "total": 1.4276819996885024,
                                            "count": 33,
                                            "is_parallel": true,
                                            "self": 0.13750679971417412,
                                            "children": {
                                                "steps_from_proto": {
                                                    "total": 0.0005339999916031957,
                                                    "count": 1,
                                                    "is_parallel": true,
                                                    "self": 0.0002756000612862408,
                                                    "children": {
                                                        "_process_rank_one_or_two_observation": {
                                                            "total": 0.00025839993031695485,
                                                            "count": 4,
                                                            "is_parallel": true,
                                                            "self": 0.00025839993031695485
                                                        }
                                                    }
                                                },
                                                "UnityEnvironment.step": {
                                                    "total": 1.289641199982725,
                                                    "count": 33,
                                                    "is_parallel": true,
                                                    "self": 0.005330299551133066,
                                                    "children": {
                                                        "UnityEnvironment._generate_step_input": {
                                                            "total": 0.005460900196339935,
                                                            "count": 33,
                                                            "is_parallel": true,
                                                            "self": 0.005460900196339935
                                                        },
                                                        "communicator.exchange": {
                                                            "total": 1.2632337000686675,
                                                            "count": 33,
                                                            "is_parallel": true,
                                                            "self": 1.2632337000686675
                                                        },
                                                        "steps_from_proto": {
                                                            "total": 0.015616300166584551,
                                                            "count": 33,
                                                            "is_parallel": true,
                                                            "self": 0.007177100284025073,
                                                            "children": {
                                                                "_process_rank_one_or_two_observation": {
                                                                    "total": 0.008439199882559478,
                                                                    "count": 132,
                                                                    "is_parallel": true,
                                                                    "self": 0.008439199882559478
                                                                }
                                                            }
                                                        }
                                                    }
                                                }
                                            }
                                        }
                                    }
                                }
                            }
                        },
                        "trainer_advance": {
                            "total": 0.0010538999922573566,
                            "count": 33,
                            "self": 0.0007193002966232598,
                            "children": {
                                "process_trajectory": {
                                    "total": 0.00033459969563409686,
                                    "count": 33,
                                    "self": 0.00033459969563409686
                                }
                            }
                        }
                    }
                },
                "TrainerController._save_models": {
                    "total": 0.1557909999974072,
                    "count": 1,
                    "self": 0.018153699988033623,
                    "children": {
                        "RLTrainer._checkpoint": {
                            "total": 0.13763730000937358,
                            "count": 1,