{"count":1,"self":59.4320896,"total":62.2369473,"children":{"InitializeActuators":{"count":1,"self":0.0020184,"total":0.0020184,"children":null},"InitializeSensors":{"count":1,"self":0.0040725,"total":0.0040725,"children":null},"AgentSendState":{"count":2246,"self":0.28554019999999997,"total":0.3308814,"children":{"CollectObservations":{"count":450,"self":0.014243299999999999,"total":0.014243299999999999,"children":null},"WriteActionMask":{"count":450,"self":0.0025096999999999997,"total":0.0025096999999999997,"children":null},"RequestDecision":{"count":450,"self":0.028588199999999998,"total":0.028588199999999998,"children":null}}},"DecideAction":{"count":2246,"self":1.1660002999999999,"total":1.2979889,"children":{"RayPerceptionSensor.Perceive":{"count":2700,"self":0.13198859999999998,"total":0.13198859999999998,"children":null}}},"AgentAct":{"count":2246,"self":1.1688802999999999,"total":1.1688802999999999,"children":null}},"gauges":{},"metadata":{"timer_format_version":"0.1.0","start_time_seconds":"1716055585","unity_version":"2022.3.4f1","command_line_arguments":"C:\\Program Files\\Unity\\Hub\\Editor\\2022.3.4f1\\Editor\\Unity.exe -projectpath D:\\CNG491ERG\\EndlessRunnerGame -useHub -hubIPC -cloudEnvironment production -licensingIpc LicenseClient-Serhan -hubSessionId b62eadd3-3553-460e-a8f5-3995ab13ff24 -accessToken LYKfoSp7tpyfzxhtHiUAzCleD-BK9G2I3Ps5D4oheGg011f","communication_protocol_version":"1.5.0","com.unity.ml-agents_version":"2.0.1","scene_name":"BossMode","end_time_seconds":"1716055647"}}