{"count":1,"self":1496.1147904,"total":1497.9474853,"children":{"InitializeActuators":{"count":1,"self":0.0045134,"total":0.0045134,"children":null},"InitializeSensors":{"count":1,"self":0.0096467999999999988,"total":0.0096467999999999988,"children":null},"AgentSendState":{"count":1151,"self":0.16805879999999998,"total":0.3242622,"children":{"CollectObservations":{"count":231,"self":0.0096651999999999988,"total":0.0096651999999999988,"children":null},"WriteActionMask":{"count":231,"self":0.0041278999999999995,"total":0.0041278999999999995,"children":null},"RequestDecision":{"count":231,"self":0.1424103,"total":0.1424103,"children":null}}},"DecideAction":{"count":1151,"self":0.81003379999999992,"total":0.8623957,"children":{"RayPerceptionSensor.Perceive":{"count":1386,"self":0.052361899999999996,"total":0.052361899999999996,"children":null}}},"AgentAct":{"count":1151,"self":0.6287311,"total":0.6287311,"children":null}},"gauges":{},"metadata":{"timer_format_version":"0.1.0","start_time_seconds":"1714591859","unity_version":"2022.3.4f1","command_line_arguments":"C:\\Program Files\\Unity\\Hub\\Editor\\2022.3.4f1\\Editor\\Unity.exe -projectpath D:\\CNG491ERG\\EndlessRunnerGame -useHub -hubIPC -cloudEnvironment production -licensingIpc LicenseClient-Serhan -hubSessionId 3f9edff7-9187-47f9-90f2-bc6893692c77 -accessToken VLC8Pk6F9IrvtSU5SvCJgZonObMeOEFbwI7aO-hqZKg011f","communication_protocol_version":"1.5.0","com.unity.ml-agents_version":"2.0.1","scene_name":"BossMode","end_time_seconds":"1714593357"}}