{"count":1,"self":19.5470336,"total":20.1042444,"children":{"InitializeActuators":{"count":1,"self":0.0029414999999999997,"total":0.0029414999999999997,"children":null},"InitializeSensors":{"count":1,"self":0.0050279999999999995,"total":0.0050279999999999995,"children":null},"AgentSendState":{"count":619,"self":0.0638128,"total":0.0813791,"children":{"CollectObservations":{"count":124,"self":0.0061998999999999995,"total":0.0061998999999999995,"children":null},"WriteActionMask":{"count":124,"self":0,"total":0,"children":null},"RequestDecision":{"count":124,"self":0.0067897,"total":0.011366399999999999,"children":{"RayPerceptionSensor.Perceive":{"count":744,"self":0.0045766999999999995,"total":0.0045766999999999995,"children":null}}}}},"DecideAction":{"count":619,"self":0.07749049999999999,"total":0.07749049999999999,"children":null},"AgentAct":{"count":619,"self":0.3903716,"total":0.3903716,"children":null}},"gauges":{},"metadata":{"timer_format_version":"0.1.0","start_time_seconds":"1714524808","unity_version":"2022.3.4f1","command_line_arguments":"C:\\Program Files\\Unity\\Hub\\Editor\\2022.3.4f1\\Editor\\Unity.exe -projectpath D:\\CNG491ERG\\EndlessRunnerGame -useHub -hubIPC -cloudEnvironment production -licensingIpc LicenseClient-Serhan -hubSessionId 3f9edff7-9187-47f9-90f2-bc6893692c77 -accessToken ZzDeiDdwzpFL109o1ehZ-xfkyF2TT6VcqennhctQxhw011f","communication_protocol_version":"1.5.0","com.unity.ml-agents_version":"2.0.1","scene_name":"BossMode","end_time_seconds":"1714524828"}}