{"count":1,"self":31.1019552,"total":32.459065599999995,"children":{"InitializeActuators":{"count":1,"self":0.0030367999999999997,"total":0.0030367999999999997,"children":null},"InitializeSensors":{"count":1,"self":0.006043,"total":0.006043,"children":null},"AgentSendState":{"count":1307,"self":0.19928669999999998,"total":0.25858339999999996,"children":{"CollectObservations":{"count":262,"self":0.011014999999999999,"total":0.011014999999999999,"children":null},"WriteActionMask":{"count":262,"self":0.004075,"total":0.004075,"children":null},"RequestDecision":{"count":262,"self":0.044206699999999995,"total":0.044206699999999995,"children":null}}},"DecideAction":{"count":1307,"self":0.97364109999999993,"total":1.0523133,"children":{"RayPerceptionSensor.Perceive":{"count":1572,"self":0.0786722,"total":0.0786722,"children":null}}},"AgentAct":{"count":1307,"self":0.036148099999999996,"total":0.036148099999999996,"children":null}},"gauges":{},"metadata":{"timer_format_version":"0.1.0","start_time_seconds":"1715552386","unity_version":"2022.3.4f1","command_line_arguments":"C:\\Program Files\\Unity\\Hub\\Editor\\2022.3.4f1\\Editor\\Unity.exe -projectpath D:\\CNG491ERG\\EndlessRunnerGame -useHub -hubIPC -cloudEnvironment production -licensingIpc LicenseClient-Serhan -hubSessionId 76893774-cc8c-4268-a202-8e8c7895bba9 -accessToken qfgIUBJxn06EHwj7n2ysmIe539Ene8JSaBXHCQEAHec011f","communication_protocol_version":"1.5.0","com.unity.ml-agents_version":"2.0.1","scene_name":"BossMode","end_time_seconds":"1715552418"}}