{"count":1,"self":47.4319072,"total":50.150256999999996,"children":{"InitializeActuators":{"count":1,"self":0.0012602,"total":0.0012602,"children":null},"InitializeSensors":{"count":1,"self":0.0025472999999999997,"total":0.0025472999999999997,"children":null},"AgentSendState":{"count":2191,"self":0.33227429999999997,"total":0.382749,"children":{"CollectObservations":{"count":2191,"self":0.0128472,"total":0.0128472,"children":null},"WriteActionMask":{"count":2191,"self":0.009146099999999999,"total":0.009146099999999999,"children":null},"RequestDecision":{"count":2191,"self":0.028481399999999997,"total":0.028481399999999997,"children":null}}},"DecideAction":{"count":2191,"self":2.2553372,"total":2.2593799,"children":{"RayPerceptionSensor.Perceive":{"count":2191,"self":0.0040425999999999995,"total":0.0040425999999999995,"children":null}}},"AgentAct":{"count":2191,"self":0.0724126,"total":0.0724126,"children":null}},"gauges":{"Boss.CumulativeReward":{"count":1,"max":17.2999954,"min":17.2999954,"runningAverage":17.2999954,"value":17.2999954,"weightedAverage":17.2999954}},"metadata":{"timer_format_version":"0.1.0","start_time_seconds":"1703227723","unity_version":"2022.3.4f1","command_line_arguments":"C:\\Program Files\\Unity\\Hub\\Editor\\2022.3.4f1\\Editor\\Unity.exe -projectpath D:\\CNG491ERG\\EndlessRunnerGame -useHub -hubIPC -cloudEnvironment production -licensingIpc LicenseClient-Serhan -hubSessionId e84f4e94-812a-439c-9732-dd1099b719d7 -accessToken hNNLohcow5O_RP0SvNNelZe71z5TwQRG28Qo6L5TMR4011f","communication_protocol_version":"1.5.0","com.unity.ml-agents_version":"2.0.1","scene_name":"GameScene","end_time_seconds":"1703227773"}}