{"count":1,"self":33.680966399999996,"total":33.923392,"children":{"InitializeActuators":{"count":1,"self":0.0025885,"total":0.0025885,"children":null},"InitializeSensors":{"count":1,"self":0.0067259999999999993,"total":0.0067259999999999993,"children":null},"AgentSendState":{"count":1288,"self":0.19428089999999998,"total":0.21925029999999998,"children":{"CollectObservations":{"count":1288,"self":0.0057621999999999994,"total":0.0057621999999999994,"children":null},"WriteActionMask":{"count":1288,"self":0.0020158999999999997,"total":0.0020158999999999997,"children":null},"RequestDecision":{"count":1288,"self":0.0121088,"total":0.0171913,"children":{"RayPerceptionSensor.Perceive":{"count":1288,"self":0.0050824999999999993,"total":0.0050824999999999993,"children":null}}}}},"DecideAction":{"count":1288,"self":0.0080655,"total":0.0080655,"children":null},"AgentAct":{"count":1288,"self":0.0052273,"total":0.0052273,"children":null},"RayPerceptionSensor.Perceive":{"count":1,"self":0,"total":0,"children":null}},"gauges":{"Boss.CumulativeReward":{"count":1,"max":-120.598763,"min":-120.598763,"runningAverage":-120.598763,"value":-120.598763,"weightedAverage":-120.598763}},"metadata":{"timer_format_version":"0.1.0","start_time_seconds":"1704442541","unity_version":"2022.3.4f1","command_line_arguments":"C:\\Program Files\\Unity\\Hub\\Editor\\2022.3.4f1\\Editor\\Unity.exe -projectpath D:\\CNG491ERG\\EndlessRunnerGame -useHub -hubIPC -cloudEnvironment production -licensingIpc LicenseClient-Serhan -hubSessionId c355a054-9a50-4978-bb3b-19d6260c7a18 -accessToken tXZnbiXPaLLpnLfA3Xtv9lOJFAZz2jet4ArrgOrMTsQ011f","communication_protocol_version":"1.5.0","com.unity.ml-agents_version":"2.0.1","scene_name":"GameScene","end_time_seconds":"1704442575"}}