{"count":1,"self":60.219667199999996,"total":63.665754299999996,"children":{"InitializeActuators":{"count":1,"self":0.0015743999999999999,"total":0.0015743999999999999,"children":null},"InitializeSensors":{"count":1,"self":0.0025399999999999997,"total":0.0025399999999999997,"children":null},"AgentSendState":{"count":2899,"self":0.3255209,"total":0.39061379999999996,"children":{"CollectObservations":{"count":2899,"self":0.0161684,"total":0.0161684,"children":null},"WriteActionMask":{"count":2899,"self":0.0109638,"total":0.0109638,"children":null},"RequestDecision":{"count":2899,"self":0.0379607,"total":0.0379607,"children":null}}},"DecideAction":{"count":2899,"self":2.9513892,"total":2.960455,"children":{"RayPerceptionSensor.Perceive":{"count":2899,"self":0.0090657999999999989,"total":0.0090657999999999989,"children":null}}},"AgentAct":{"count":2899,"self":0.089778299999999991,"total":0.089778299999999991,"children":null}},"gauges":{"Boss.CumulativeReward":{"count":3,"max":11.7999992,"min":-6.99999475,"runningAverage":5.00000143,"value":11.7999992,"weightedAverage":0.9250028}},"metadata":{"timer_format_version":"0.1.0","start_time_seconds":"1703229487","unity_version":"2022.3.4f1","command_line_arguments":"C:\\Program Files\\Unity\\Hub\\Editor\\2022.3.4f1\\Editor\\Unity.exe -projectpath D:\\CNG491ERG\\EndlessRunnerGame -useHub -hubIPC -cloudEnvironment production -licensingIpc LicenseClient-Serhan -hubSessionId e84f4e94-812a-439c-9732-dd1099b719d7 -accessToken hNNLohcow5O_RP0SvNNelZe71z5TwQRG28Qo6L5TMR4011f","communication_protocol_version":"1.5.0","com.unity.ml-agents_version":"2.0.1","scene_name":"GameScene","end_time_seconds":"1703229551"}}