{"count":1,"self":7.7643423999999994,"total":7.792425,"children":{"InitializeActuators":{"count":1,"self":0.0025106,"total":0.0025106,"children":null},"InitializeSensors":{"count":1,"self":0.0055242999999999993,"total":0.0055242999999999993,"children":null},"AgentSendState":{"count":3,"self":0.0074925999999999994,"total":0.013471799999999999,"children":{"CollectObservations":{"count":1,"self":0.00044429999999999996,"total":0.00044429999999999996,"children":null},"WriteActionMask":{"count":1,"self":0.0010065999999999999,"total":0.0010065999999999999,"children":null},"RequestDecision":{"count":1,"self":0.0035992,"total":0.0045283,"children":{"RayPerceptionSensor.Perceive":{"count":6,"self":0.0009291,"total":0.0009291,"children":null}}}}},"DecideAction":{"count":3,"self":0.0015317999999999998,"total":0.0015317999999999998,"children":null},"AgentAct":{"count":3,"self":0.0040263999999999994,"total":0.0040263999999999994,"children":null}},"gauges":{},"metadata":{"timer_format_version":"0.1.0","start_time_seconds":"1712676871","unity_version":"2022.3.4f1","command_line_arguments":"C:\\Program Files\\Unity\\Hub\\Editor\\2022.3.4f1\\Editor\\Unity.exe -projectpath D:\\CNG491ERG\\EndlessRunnerGame -useHub -hubIPC -cloudEnvironment production -licensingIpc LicenseClient-Serhan -hubSessionId f6398056-71af-4c96-b1b8-9737351d898d -accessToken NuUoGPJovueQS0GajRicMvle6FmYxiVTH21V9OmB74o011f","communication_protocol_version":"1.5.0","com.unity.ml-agents_version":"2.0.1","scene_name":"InitTestScene638482844635009260","end_time_seconds":"1712676879"}}