{"count":1,"self":22.6806384,"total":23.161666699999998,"children":{"InitializeActuators":{"count":1,"self":0.0019947999999999997,"total":0.0019947999999999997,"children":null},"InitializeSensors":{"count":1,"self":0.0039892999999999994,"total":0.0039892999999999994,"children":null},"AgentSendState":{"count":884,"self":0.058411599999999994,"total":0.074358,"children":{"CollectObservations":{"count":177,"self":0.0019838,"total":0.0019838,"children":null},"WriteActionMask":{"count":177,"self":0.0009572999999999999,"total":0.0009572999999999999,"children":null},"RequestDecision":{"count":177,"self":0.0070167,"total":0.0130053,"children":{"RayPerceptionSensor.Perceive":{"count":1062,"self":0.0059885999999999993,"total":0.0059885999999999993,"children":null}}}}},"DecideAction":{"count":884,"self":0.0533455,"total":0.0533455,"children":null},"AgentAct":{"count":884,"self":0.34734109999999996,"total":0.34734109999999996,"children":null}},"gauges":{},"metadata":{"timer_format_version":"0.1.0","start_time_seconds":"1714400509","unity_version":"2022.3.4f1","command_line_arguments":"C:\\Users\\yurek\\installNewUnity\\Unity 2022.3.4f1\\Editor\\Unity.exe -projectpath C:\\Users\\yurek\\OneDrive\\Documents\\GitHub\\EndlessRunnerGame -useHub -hubIPC -cloudEnvironment production -licensingIpc LicenseClient-yurek -hubSessionId 9507c477-4334-480a-82de-e73b9d286ebe -accessToken MnXM8ad8kco_6QRVm-vr3_dFGCRAHRBbbZ52g3-CefU011f","communication_protocol_version":"1.5.0","com.unity.ml-agents_version":"2.0.1","scene_name":"Parkour","end_time_seconds":"1714400532"}}