{"count":1,"self":22.953136,"total":23.4277877,"children":{"InitializeActuators":{"count":2,"self":0.0025591,"total":0.0025591,"children":null},"InitializeSensors":{"count":2,"self":0.0080790999999999988,"total":0.0080790999999999988,"children":null},"AgentSendState":{"count":508,"self":0.097865799999999989,"total":0.218075,"children":{"CollectObservations":{"count":204,"self":0.052591099999999995,"total":0.052591099999999995,"children":null},"WriteActionMask":{"count":204,"self":0.0035348999999999997,"total":0.0035348999999999997,"children":null},"RequestDecision":{"count":204,"self":0.049032799999999994,"total":0.064083199999999993,"children":{"RayPerceptionSensor.Perceive":{"count":1224,"self":0.015050399999999999,"total":0.015050399999999999,"children":null}}}}},"DecideAction":{"count":508,"self":0.046041,"total":0.046041,"children":null},"AgentAct":{"count":508,"self":0.1983174,"total":0.1983174,"children":null}},"gauges":{},"metadata":{"timer_format_version":"0.1.0","start_time_seconds":"1715534721","unity_version":"2022.3.4f1","command_line_arguments":"C:\\Program Files\\Unity\\Hub\\Editor\\2022.3.4f1\\Editor\\Unity.exe -projectpath D:\\CNG491ERG\\EndlessRunnerGame -useHub -hubIPC -cloudEnvironment production -licensingIpc LicenseClient-Serhan -hubSessionId 76893774-cc8c-4268-a202-8e8c7895bba9 -accessToken qfgIUBJxn06EHwj7n2ysmIe539Ene8JSaBXHCQEAHec011f","communication_protocol_version":"1.5.0","com.unity.ml-agents_version":"2.0.1","scene_name":"ReplayScene","end_time_seconds":"1715534744"}}