{"count":1,"self":6.9605504,"total":7.1135147,"children":{"InitializeActuators":{"count":18,"self":0.00099739999999999985,"total":0.00099739999999999985,"children":null},"InitializeSensors":{"count":18,"self":0.0029920999999999997,"total":0.0029920999999999997,"children":null},"AgentSendState":{"count":96,"self":0.1290246,"total":0.1459829,"children":{"CollectObservations":{"count":1728,"self":0.0039889999999999995,"total":0.0039889999999999995,"children":null},"WriteActionMask":{"count":1728,"self":0.00099739999999999985,"total":0.00099739999999999985,"children":null},"RequestDecision":{"count":1728,"self":0.0109716,"total":0.011971899999999999,"children":{"RayPerceptionSensor.Perceive":{"count":1728,"self":0.0010003,"total":0.0010003,"children":null}}}}},"DecideAction":{"count":96,"self":0.0019943,"total":0.0019943,"children":null},"AgentAct":{"count":96,"self":0.00099739999999999985,"total":0.00099739999999999985,"children":null}},"gauges":{},"metadata":{"timer_format_version":"0.1.0","start_time_seconds":"1703358790","unity_version":"2022.3.4f1","command_line_arguments":"C:\\Users\\yurek\\installNewUnity\\Unity 2022.3.4f1\\Editor\\Unity.exe -projectpath C:\\Users\\yurek\\OneDrive\\Documents\\GitHub\\EndlessRunnerGame -useHub -hubIPC -cloudEnvironment production -licensingIpc LicenseClient-yurek -hubSessionId 0bb6e54b-d8c5-4cac-923c-5b16482f7604 -accessToken lomZgo9KCqZ1YOJ2k5_AnXHXHJ0pQ9OSkoMWXFKnYpE011f","communication_protocol_version":"1.5.0","com.unity.ml-agents_version":"2.0.1","scene_name":"TrainingScene","end_time_seconds":"1703358797"}}