{"count":1,"self":164.03048959999998,"total":966.73181979999993,"children":{"InitializeActuators":{"count":18,"self":0.0028327,"total":0.0028327,"children":null},"InitializeSensors":{"count":18,"self":0.0032589999999999997,"total":0.0032589999999999997,"children":null},"AgentSendState":{"count":41701,"self":113.4564992,"total":137.2474556,"children":{"CollectObservations":{"count":750618,"self":2.8272976,"total":2.8272975,"children":null},"WriteActionMask":{"count":750618,"self":0.8445671,"total":0.8445671,"children":null},"RequestDecision":{"count":750618,"self":2.7524287999999997,"total":20.119093499999998,"children":{"AgentInfo.ToProto":{"count":750618,"self":2.661532,"total":17.3666646,"children":{"GenerateSensorData":{"count":750618,"self":13.213425599999999,"total":14.705132599999999,"children":{"RayPerceptionSensor.Perceive":{"count":750618,"self":1.4917068,"total":1.4917068,"children":null}}}}}}}}},"DecideAction":{"count":41701,"self":647.7614592,"total":647.7614434,"children":null},"AgentAct":{"count":41701,"self":17.655438399999998,"total":17.6554379,"children":null},"AgentInfo.ToProto":{"count":775,"self":0.0074227,"total":0.0298055,"children":{"GenerateSensorData":{"count":775,"self":0.0203838,"total":0.022382799999999998,"children":{"RayPerceptionSensor.Perceive":{"count":775,"self":0.001999,"total":0.001999,"children":null}}}}}},"gauges":{"Boss.CumulativeReward":{"count":775,"max":13.8000031,"min":-7.099994,"runningAverage":7.282713,"value":10.2,"weightedAverage":8.882963}},"metadata":{"timer_format_version":"0.1.0","start_time_seconds":"1703228251","unity_version":"2022.3.4f1","command_line_arguments":"C:\\Program Files\\Unity\\Hub\\Editor\\2022.3.4f1\\Editor\\Unity.exe -projectpath D:\\CNG491ERG\\EndlessRunnerGame -useHub -hubIPC -cloudEnvironment production -licensingIpc LicenseClient-Serhan -hubSessionId e84f4e94-812a-439c-9732-dd1099b719d7 -accessToken hNNLohcow5O_RP0SvNNelZe71z5TwQRG28Qo6L5TMR4011f","communication_protocol_version":"1.5.0","com.unity.ml-agents_version":"2.0.1","scene_name":"TrainingScene","end_time_seconds":"1703229218"}}