{"count":1,"self":1486.7605503999998,"total":3453.4048135999997,"children":{"InitializeActuators":{"count":4,"self":0.0020314,"total":0.0020314,"children":null},"InitializeSensors":{"count":4,"self":0.0030099999999999997,"total":0.0030099999999999997,"children":null},"AgentSendState":{"count":625301,"self":169.8859008,"total":194.0726525,"children":{"CollectObservations":{"count":500244,"self":1.4174852,"total":1.4174852,"children":null},"WriteActionMask":{"count":500244,"self":0.4330713,"total":0.4330713,"children":null},"RequestDecision":{"count":500244,"self":1.9083906,"total":22.336201,"children":{"AgentInfo.ToProto":{"count":500244,"self":2.3500807999999997,"total":20.4278104,"children":{"GenerateSensorData":{"count":500244,"self":14.2976128,"total":18.077729599999998,"children":{"RayPerceptionSensor.Perceive":{"count":1500732,"self":3.7801164,"total":3.7801163,"children":null}}}}}}}}},"DecideAction":{"count":625301,"self":981.4247423999999,"total":981.42471389999992,"children":null},"AgentAct":{"count":625301,"self":790.98152959999993,"total":790.98151109999992,"children":null},"AgentInfo.ToProto":{"count":2669,"self":0.0326968,"total":0.15888239999999998,"children":{"GenerateSensorData":{"count":2669,"self":0.1061611,"total":0.12618559999999998,"children":{"RayPerceptionSensor.Perceive":{"count":8007,"self":0.0200245,"total":0.0200245,"children":null}}}}}},"gauges":{"Boss.CumulativeReward":{"count":2669,"max":0.9900001,"min":-0.99715,"runningAverage":-0.3855079,"value":-0.78625,"weightedAverage":-0.341801643}},"metadata":{"timer_format_version":"0.1.0","start_time_seconds":"1710862509","unity_version":"2022.3.4f1","command_line_arguments":"C:\\Program Files\\Unity\\Hub\\Editor\\2022.3.4f1\\Editor\\Unity.exe -projectpath D:\\CNG491ERG\\EndlessRunnerGame -useHub -hubIPC -cloudEnvironment production -licensingIpc LicenseClient-Serhan -hubSessionId 4c050e3e-6613-4bc7-81f1-5513eab016d9 -accessToken 5qyaCUPgTmdenu8ijZOH7eY4CwRT9zACFQzNT7Rb9tg011f","communication_protocol_version":"1.5.0","com.unity.ml-agents_version":"2.0.1","scene_name":"TrainingScene","end_time_seconds":"1710865962"}}