{
    "name": "root",
    "gauges": {
        "Boss.Policy.Entropy.mean": {
            "value": 1.4979398250579834,
            "min": 1.4808095693588257,
            "max": 1.7897493839263916,
            "count": 75
        },
        "Boss.Policy.Entropy.sum": {
            "value": 14802.6416015625,
            "min": 13440.6845703125,
            "max": 18749.4140625,
            "count": 75
        },
        "Boss.Step.mean": {
            "value": 749966.0,
            "min": 9984.0,
            "max": 749966.0,
            "count": 75
        },
        "Boss.Step.sum": {
            "value": 749966.0,
            "min": 9984.0,
            "max": 749966.0,
            "count": 75
        },
        "Boss.Policy.ExtrinsicValueEstimate.mean": {
            "value": 1.0463850498199463,
            "min": -0.36943966150283813,
            "max": 1.503447413444519,
            "count": 75
        },
        "Boss.Policy.ExtrinsicValueEstimate.sum": {
            "value": 169.51437377929688,
            "min": -58.37146759033203,
            "max": 246.56536865234375,
            "count": 75
        },
        "Boss.IsTraining.mean": {
            "value": 1.0,
            "min": 1.0,
            "max": 1.0,
            "count": 75
        },
        "Boss.IsTraining.sum": {
            "value": 1.0,
            "min": 1.0,
            "max": 1.0,
            "count": 75
        },
        "Boss.Losses.PolicyLoss.mean": {
            "value": 0.02799920355901122,
            "min": 0.01635686627899607,
            "max": 0.030725629332785807,
            "count": 72
        },
        "Boss.Losses.PolicyLoss.sum": {
            "value": 0.02799920355901122,
            "min": 0.01635686627899607,
            "max": 0.030725629332785807,
            "count": 72
        },
        "Boss.Losses.ValueLoss.mean": {
            "value": 0.1129785232245922,
            "min": 0.06869655003150305,
            "max": 0.8566047777732213,
            "count": 72
        },
        "Boss.Losses.ValueLoss.sum": {
            "value": 0.1129785232245922,
            "min": 0.06869655003150305,
            "max": 0.8566047777732213,
            "count": 72
        },
        "Boss.Policy.LearningRate.mean": {
            "value": 3.846498717866673e-06,
            "min": 3.846498717866673e-06,
            "max": 0.00029585280138240004,
            "count": 72
        },
        "Boss.Policy.LearningRate.sum": {
            "value": 3.846498717866673e-06,
            "min": 3.846498717866673e-06,
            "max": 0.00029585280138240004,
            "count": 72
        },
        "Boss.Policy.Epsilon.mean": {
            "value": 0.1012821333333333,
            "min": 0.1012821333333333,
            "max": 0.1986176000000001,
            "count": 72
        },
        "Boss.Policy.Epsilon.sum": {
            "value": 0.1012821333333333,
            "min": 0.1012821333333333,
            "max": 0.1986176000000001,
            "count": 72
        },
        "Boss.Policy.Beta.mean": {
            "value": 7.397845333333341e-05,
            "min": 7.397845333333341e-05,
            "max": 0.0049310182400000005,
            "count": 72
        },
        "Boss.Policy.Beta.sum": {
            "value": 7.397845333333341e-05,
            "min": 7.397845333333341e-05,
            "max": 0.0049310182400000005,
            "count": 72
        },
        "Boss.Environment.EpisodeLength.mean": {
            "value": 928.2727272727273,
            "min": 620.0,
            "max": 1535.875,
            "count": 74
        },
        "Boss.Environment.EpisodeLength.sum": {
            "value": 10211.0,
            "min": 3100.0,
            "max": 14847.0,
            "count": 74
        },
        "Boss.Environment.CumulativeReward.mean": {
            "value": 6.0727271634069355,
            "min": -0.5200000137090683,
            "max": 9.861538274356953,
            "count": 74
        },
        "Boss.Environment.CumulativeReward.sum": {
            "value": 66.79999879747629,
            "min": -2.6000000685453415,
            "max": 128.19999756664038,
            "count": 74
        },
        "Boss.Policy.ExtrinsicReward.mean": {
            "value": 6.0727271634069355,
            "min": -0.5200000137090683,
            "max": 9.861538274356953,
            "count": 74
        },
        "Boss.Policy.ExtrinsicReward.sum": {
            "value": 66.79999879747629,
            "min": -2.6000000685453415,
            "max": 128.19999756664038,
            "count": 74
        }
    },
    "metadata": {
        "timer_format_version": "0.1.0",
        "start_time_seconds": "1703228244",
        "python_version": "3.10.12 | packaged by Anaconda, Inc. | (main, Jul  5 2023, 19:01:18) [MSC v.1916 64 bit (AMD64)]",
        "command_line_arguments": "C:\\Users\\Serhan\\anaconda3\\envs\\mlagents\\Scripts\\mlagents-learn Boss.yaml",
        "mlagents_version": "1.0.0",
        "mlagents_envs_version": "1.0.0",
        "communication_protocol_version": "1.5.0",
        "pytorch_version": "1.13.1+cu117",
        "numpy_version": "1.23.5",
        "end_time_seconds": "1703229218"
    },
    "total": 973.5757703999989,
    "count": 1,
    "self": 0.012542599986772984,
    "children": {
        "run_training.setup": {
            "total": 0.13127000001259148,
            "count": 1,
            "self": 0.13127000001259148
        },
        "TrainerController.start_learning": {
            "total": 973.4319577999995,
            "count": 1,
            "self": 1.6852568081230856,
            "children": {
                "TrainerController._reset_env": {
                    "total": 7.283423500019126,
                    "count": 1,
                    "self": 7.283423500019126
                },
                "TrainerController.advance": {
                    "total": 964.3601776918513,
                    "count": 41700,
                    "self": 0.7629168932326138,
                    "children": {
                        "env_step": {
                            "total": 963.5972607986187,
                            "count": 41700,
                            "self": 741.4909517961205,
                            "children": {
                                "SubprocessEnvManager._take_step": {
                                    "total": 221.3455898023676,
                                    "count": 41700,
                                    "self": 4.473807808361016,
                                    "children": {
                                        "TorchPolicy.evaluate": {
                                            "total": 216.8717819940066,
                                            "count": 41700,
                                            "self": 216.8717819940066
                                        }
                                    }
                                },
                                "workers": {
                                    "total": 0.760719200130552,
                                    "count": 41700,
                                    "self": 0.0,
                                    "children": {
                                        "worker_root": {
                                            "total": 964.2820134070935,
                                            "count": 41700,
                                            "is_parallel": true,
                                            "self": 463.5182565076975,
                                            "children": {
                                                "steps_from_proto": {
                                                    "total": 0.0008348999544978142,
                                                    "count": 1,
                                                    "is_parallel": true,
                                                    "self": 0.0002364999963901937,