{
    "name": "root",
    "gauges": {
        "Boss.Policy.Entropy.mean": {
            "value": 1.0102059841156006,
            "min": 1.0078439712524414,
            "max": 1.7414429187774658,
            "count": 20
        },
        "Boss.Policy.Entropy.sum": {
            "value": 100968.0625,
            "min": 100968.0625,
            "max": 174861.765625,
            "count": 20
        },
        "Boss.Environment.EpisodeLength.mean": {
            "value": 173.8234265734266,
            "min": 173.19964664310953,
            "max": 316.6857142857143,
            "count": 20
        },
        "Boss.Environment.EpisodeLength.sum": {
            "value": 99427.0,
            "min": 98031.0,
            "max": 100932.0,
            "count": 20
        },
        "Boss.Step.mean": {
            "value": 1999979.0,
            "min": 99788.0,
            "max": 1999979.0,
            "count": 20
        },
        "Boss.Step.sum": {
            "value": 1999979.0,
            "min": 99788.0,
            "max": 1999979.0,
            "count": 20
        },
        "Boss.Policy.ExtrinsicValueEstimate.mean": {
            "value": 0.4206364154815674,
            "min": -7.927003383636475,
            "max": 0.4206364154815674,
            "count": 20
        },
        "Boss.Policy.ExtrinsicValueEstimate.sum": {
            "value": 240.60403442382812,
            "min": -2489.0791015625,
            "max": 241.24253845214844,
            "count": 20
        },
        "Boss.Environment.CumulativeReward.mean": {
            "value": 0.8990646838308214,
            "min": -0.39947926295790703,
            "max": 0.8990646838308214,
            "count": 20
        },
        "Boss.Environment.CumulativeReward.sum": {
            "value": 514.2649991512299,
            "min": -125.4364885687828,
            "max": 515.5149993896484,
            "count": 20
        },
        "Boss.Policy.ExtrinsicReward.mean": {
            "value": 0.8990646838308214,
            "min": -0.39947926295790703,
            "max": 0.8990646838308214,
            "count": 20
        },
        "Boss.Policy.ExtrinsicReward.sum": {
            "value": 514.2649991512299,
            "min": -125.4364885687828,
            "max": 515.5149993896484,
            "count": 20
        },
        "Boss.Losses.PolicyLoss.mean": {
            "value": 0.050927986107562905,
            "min": 0.047743981204694134,
            "max": 0.051273705233761575,
            "count": 20
        },
        "Boss.Losses.PolicyLoss.sum": {
            "value": 0.20371194443025162,
            "min": 0.1462422333615541,
            "max": 0.2050948209350463,
            "count": 20
        },
        "Boss.Losses.ValueLoss.mean": {
            "value": 0.0005122695537829714,
            "min": 0.0005122695537829714,
            "max": 0.2770433907500367,
            "count": 20
        },
        "Boss.Losses.ValueLoss.sum": {
            "value": 0.0020490782151318856,
            "min": 0.0016807223227078795,
            "max": 0.8311301722501101,
            "count": 20
        },
        "Boss.Policy.LearningRate.mean": {
            "value": 8.933732724124996e-07,
            "min": 8.933732724124996e-07,
            "max": 2.9227322575600003e-05,
            "count": 20
        },
        "Boss.Policy.LearningRate.sum": {
            "value": 3.5734930896499982e-06,
            "min": 3.5734930896499982e-06,
            "max": 0.00011150942830200002,
            "count": 20
        },
        "Boss.Policy.Epsilon.mean": {
            "value": 0.1029775875,
            "min": 0.1029775875,
            "max": 0.19742440000000003,
            "count": 20
        },
        "Boss.Policy.Epsilon.sum": {
            "value": 0.41191035,
            "min": 0.322411,
            "max": 0.7716980000000002,
            "count": 20
        },
        "Boss.Policy.Beta.mean": {
            "value": 3.947811624999997e-05,
            "min": 3.947811624999997e-05,
            "max": 0.0009745015599999999,
            "count": 20
        },
        "Boss.Policy.Beta.sum": {
            "value": 0.0001579124649999999,
            "min": 0.0001579124649999999,
            "max": 0.0037198102000000005,
            "count": 20
        },
        "Boss.IsTraining.mean": {
            "value": 1.0,
            "min": 1.0,
            "max": 1.0,
            "count": 20
        },
        "Boss.IsTraining.sum": {
            "value": 1.0,
            "min": 1.0,
            "max": 1.0,
            "count": 20
        }
    },
    "metadata": {
        "timer_format_version": "0.1.0",
        "start_time_seconds": "1714526577",
        "python_version": "3.10.12 | packaged by Anaconda, Inc. | (main, Jul  5 2023, 19:01:18) [MSC v.1916 64 bit (AMD64)]",
        "command_line_arguments": "C:\\Users\\Serhan\\anaconda3\\envs\\mlagents\\Scripts\\mlagents-learn D:\\CNG491ERG\\EndlessRunnerGame\\TrainingYAML\\Boss.yaml --run-id=AutoInputHandler",
        "mlagents_version": "1.0.0",
        "mlagents_envs_version": "1.0.0",
        "communication_protocol_version": "1.5.0",
        "pytorch_version": "1.13.1+cu117",
        "numpy_version": "1.23.5",
        "end_time_seconds": "1714541007"
    },
    "total": 14429.501671900041,
    "count": 1,
    "self": 0.0889742000726983,
    "children": {
        "run_training.setup": {
            "total": 0.13769220001995564,
            "count": 1,
            "self": 0.13769220001995564
        },
        "TrainerController.start_learning": {
            "total": 14429.275005499949,
            "count": 1,
            "self": 17.97566713381093,
            "children": {
                "TrainerController._reset_env": {
                    "total": 10.904749399982393,
                    "count": 1,
                    "self": 10.904749399982393
                },
                "TrainerController.advance": {
                    "total": 14400.280687566148,
                    "count": 507602,
                    "self": 7.549501315574162,
                    "children": {
                        "env_step": {
                            "total": 14392.731186250574,
                            "count": 507602,
                            "self": 12514.916630824795,
                            "children": {
                                "SubprocessEnvManager._take_step": {
                                    "total": 1869.2548225262435,
                                    "count": 507602,
                                    "self": 39.801833595731296,
                                    "children": {
                                        "TorchPolicy.evaluate": {
                                            "total": 1829.4529889305122,
                                            "count": 500116,
                                            "self": 1829.4529889305122
                                        }
                                    }
                                },
                                "workers": {
                                    "total": 8.559732899535447,
                                    "count": 507602,
                                    "self": 0.0,
                                    "children": {
                                        "worker_root": {
                                            "total": 14397.936951539828,
                                            "count": 507602,
                                            "is_parallel": true,
                                            "self": 2899.220191515982,
                                            "children": {
                                                "steps_from_proto": {
                                                    "total": 0.0009716999484226108,
                                                    "count": 1,
                                                    "is_parallel": true,