{
    "name": "root",
    "metadata": {
        "timer_format_version": "0.1.0",
        "start_time_seconds": "1703175320",
        "python_version": "3.10.12 | packaged by Anaconda, Inc. | (main, Jul  5 2023, 19:01:18) [MSC v.1916 64 bit (AMD64)]",
        "command_line_arguments": "C:\\Users\\Serhan\\anaconda3\\envs\\mlagents\\Scripts\\mlagents-learn Boss.yaml --run-id=sssssssssss",
        "mlagents_version": "1.0.0",
        "mlagents_envs_version": "1.0.0",
        "communication_protocol_version": "1.5.0",
        "pytorch_version": "1.13.1+cu117",
        "numpy_version": "1.23.5",
        "end_time_seconds": "1703175392"
    },
    "total": 71.95805890002521,
    "count": 1,
    "self": 0.014120199950411916,
    "children": {
        "run_training.setup": {
            "total": 0.1405320000485517,
            "count": 1,
            "self": 0.1405320000485517
        },
        "TrainerController.start_learning": {
            "total": 71.80340670002624,
            "count": 1,
            "self": 0.0817538041737862,
            "children": {
                "TrainerController._reset_env": {
                    "total": 8.052101099980064,
                    "count": 1,
                    "self": 8.052101099980064
                },
                "TrainerController.advance": {
                    "total": 63.415736795868725,
                    "count": 3622,
                    "self": 0.06914259406039491,
                    "children": {
                        "env_step": {
                            "total": 62.78792050102493,
                            "count": 3622,
                            "self": 56.376426999107935,
                            "children": {
                                "SubprocessEnvManager._take_step": {
                                    "total": 6.360664900625125,
                                    "count": 3623,
                                    "self": 0.23749209969537333,
                                    "children": {
                                        "TorchPolicy.evaluate": {
                                            "total": 6.123172800929751,
                                            "count": 3593,
                                            "self": 6.123172800929751
                                        }
                                    }
                                },
                                "workers": {
                                    "total": 0.050828601291868836,
                                    "count": 3621,
                                    "self": 0.0,
                                    "children": {
                                        "worker_root": {
                                            "total": 46.5550664011389,
                                            "count": 3621,
                                            "is_parallel": true,
                                            "self": 10.682580398686696,
                                            "children": {
                                                "steps_from_proto": {
                                                    "total": 0.004401000041980296,
                                                    "count": 1,
                                                    "is_parallel": true,
                                                    "self": 0.00130540004465729,
                                                    "children": {
                                                        "_process_rank_one_or_two_observation": {
                                                            "total": 0.0030955999973230064,
                                                            "count": 4,
                                                            "is_parallel": true,
                                                            "self": 0.0030955999973230064
                                                        }
                                                    }
                                                },
                                                "UnityEnvironment.step": {
                                                    "total": 35.868085002410226,
                                                    "count": 3621,
                                                    "is_parallel": true,
                                                    "self": 0.38501860661199316,
                                                    "children": {
                                                        "UnityEnvironment._generate_step_input": {
                                                            "total": 0.3599297007312998,
                                                            "count": 3621,
                                                            "is_parallel": true,
                                                            "self": 0.3599297007312998
                                                        },
                                                        "communicator.exchange": {
                                                            "total": 33.938978297810536,
                                                            "count": 3621,
                                                            "is_parallel": true,
                                                            "self": 33.938978297810536
                                                        },
                                                        "steps_from_proto": {
                                                            "total": 1.1841583972563967,
                                                            "count": 3621,
                                                            "is_parallel": true,
                                                            "self": 0.6050707940012217,
                                                            "children": {
                                                                "_process_rank_one_or_two_observation": {
                                                                    "total": 0.579087603255175,
                                                                    "count": 14484,
                                                                    "is_parallel": true,
                                                                    "self": 0.579087603255175
                                                                }
                                                            }
                                                        }
                                                    }
                                                }
                                            }
                                        }
                                    }
                                }
                            }
                        },
                        "trainer_advance": {
                            "total": 0.5586737007834017,
                            "count": 3621,
                            "self": 0.09488759946543723,
                            "children": {
                                "process_trajectory": {
                                    "total": 0.4637861013179645,
                                    "count": 3621,
                                    "self": 0.4637861013179645
                                }
                            }
                        }
                    }
                },
                "TrainerController._save_models": {
                    "total": 0.2538150000036694,
                    "count": 1,
                    "self": 0.012087900016922504,
                    "children": {
                        "RLTrainer._checkpoint": {
                            "total": 0.2417270999867469,
                            "count": 1,