{
    "name": "root",
    "gauges": {
        "Boss.Policy.Entropy.mean": {
            "value": 0.6876522302627563,
            "min": 0.6744810342788696,
            "max": 0.69312983751297,
            "count": 48
        },
        "Boss.Policy.Entropy.sum": {
            "value": 231.0511474609375,
            "min": 41.253597259521484,
            "max": 2485.2626953125,
            "count": 48
        },
        "Boss.Environment.EpisodeLength.mean": {
            "value": 1166.5,
            "min": 392.5,
            "max": 3447.0,
            "count": 25
        },
        "Boss.Environment.EpisodeLength.sum": {
            "value": 2333.0,
            "min": 785.0,
            "max": 8232.0,
            "count": 25
        },
        "Boss.Step.mean": {
            "value": 60588.0,
            "min": 607.0,
            "max": 60588.0,
            "count": 61
        },
        "Boss.Step.sum": {
            "value": 60588.0,
            "min": 607.0,
            "max": 60588.0,
            "count": 61
        },
        "Boss.Policy.ExtrinsicValueEstimate.mean": {
            "value": -2.219134569168091,
            "min": -3.581972599029541,
            "max": 0.15780790150165558,
            "count": 61
        },
        "Boss.Policy.ExtrinsicValueEstimate.sum": {
            "value": -2.219134569168091,
            "min": -6.596911907196045,
            "max": 0.15826785564422607,
            "count": 61
        },
        "Boss.Environment.CumulativeReward.mean": {
            "value": -16.94999885559082,
            "min": -49.82500100135803,
            "max": -11.449999809265137,
            "count": 37
        },
        "Boss.Environment.CumulativeReward.sum": {
            "value": -16.94999885559082,
            "min": -99.65000200271606,
            "max": -11.449999809265137,
            "count": 37
        },
        "Boss.Policy.ExtrinsicReward.mean": {
            "value": -16.94999885559082,
            "min": -49.82500100135803,
            "max": -11.449999809265137,
            "count": 37
        },
        "Boss.Policy.ExtrinsicReward.sum": {
            "value": -16.94999885559082,
            "min": -99.65000200271606,
            "max": -11.449999809265137,
            "count": 37
        },
        "Boss.IsTraining.mean": {
            "value": 1.0,
            "min": 1.0,
            "max": 1.0,
            "count": 61
        },
        "Boss.IsTraining.sum": {
            "value": 1.0,
            "min": 1.0,
            "max": 1.0,
            "count": 61
        },
        "Boss.Losses.PolicyLoss.mean": {
            "value": 0.0980358762904931,
            "min": 0.09547703480500168,
            "max": 0.10235432237850764,
            "count": 4
        },
        "Boss.Losses.PolicyLoss.sum": {
            "value": 0.0980358762904931,
            "min": 0.09547703480500168,
            "max": 0.10235432237850764,
            "count": 4
        },
        "Boss.Losses.ValueLoss.mean": {
            "value": 0.7705513335187665,
            "min": 0.7705513335187665,
            "max": 1.57122251514307,
            "count": 4
        },
        "Boss.Losses.ValueLoss.sum": {
            "value": 0.7705513335187665,
            "min": 0.7705513335187665,
            "max": 1.57122251514307,
            "count": 4
        },
        "Boss.Policy.LearningRate.mean": {
            "value": 0.0002846778051074,
            "min": 0.0002846778051074,
            "max": 0.0002962749012417,
            "count": 4
        },
        "Boss.Policy.LearningRate.sum": {
            "value": 0.0002846778051074,
            "min": 0.0002846778051074,
            "max": 0.0002962749012417,
            "count": 4
        },
        "Boss.Policy.Epsilon.mean": {
            "value": 0.19489259999999997,
            "min": 0.19489259999999997,
            "max": 0.19875829999999997,
            "count": 4
        },
        "Boss.Policy.Epsilon.sum": {
            "value": 0.19489259999999997,
            "min": 0.19489259999999997,
            "max": 0.19875829999999997,
            "count": 4
        },
        "Boss.Policy.Beta.mean": {
            "value": 0.00094943674,
            "min": 0.00094943674,
            "max": 0.00098770717,
            "count": 4
        },
        "Boss.Policy.Beta.sum": {
            "value": 0.00094943674,
            "min": 0.00094943674,
            "max": 0.00098770717,
            "count": 4
        }
    },
    "metadata": {
        "timer_format_version": "0.1.0",
        "start_time_seconds": "1703172042",
        "python_version": "3.10.12 | packaged by Anaconda, Inc. | (main, Jul  5 2023, 19:01:18) [MSC v.1916 64 bit (AMD64)]",
        "command_line_arguments": "C:\\Users\\Serhan\\anaconda3\\envs\\mlagents\\Scripts\\mlagents-learn Boss.yaml --run-id=serhanBossRun",
        "mlagents_version": "1.0.0",
        "mlagents_envs_version": "1.0.0",
        "communication_protocol_version": "1.5.0",
        "pytorch_version": "1.13.1+cu117",
        "numpy_version": "1.23.5",
        "end_time_seconds": "1703172361"
    },
    "total": 319.80601929995464,
    "count": 1,
    "self": 0.007555799966212362,
    "children": {
        "run_training.setup": {
            "total": 0.13259009999455884,
            "count": 1,
            "self": 0.13259009999455884
        },
        "TrainerController.start_learning": {
            "total": 319.66587339999387,
            "count": 1,
            "self": 0.38712310342816636,
            "children": {
                "TrainerController._reset_env": {
                    "total": 7.999041900038719,
                    "count": 1,
                    "self": 7.999041900038719
                },
                "TrainerController.advance": {
                    "total": 311.05833189649275,
                    "count": 16019,
                    "self": 0.36637989984592423,
                    "children": {
                        "env_step": {
                            "total": 275.89968409837456,
                            "count": 16019,
                            "self": 248.49187430058373,
                            "children": {
                                "SubprocessEnvManager._take_step": {
                                    "total": 27.155212998739444,
                                    "count": 16020,
                                    "self": 1.2027673970442265,
                                    "children": {
                                        "TorchPolicy.evaluate": {
                                            "total": 25.952445601695217,
                                            "count": 16018,
                                            "self": 25.952445601695217
                                        }
                                    }
                                },
                                "workers": {
                                    "total": 0.2525967990513891,
                                    "count": 16018,
                                    "self": 0.0,
                                    "children": {
                                        "worker_root": {
                                            "total": 232.34820419811876,
                                            "count": 16018,
                                            "is_parallel": true,
                                            "self": 84.34042069967836,
                                            "children": {
                                                "steps_from_proto": {
                                                    "total": 0.0011806999682448804,
                                                    "count": 2,
                                                    "is_parallel": true,
                                                    "self": 0.00047049991553649306,